{"post_num_vs_comments": [[1.0, -0.00116927046185823], [-0.00116927046185823, 1.0]], "post_num_vs_votes": [[1.0, -0.0013784722202648885], [-0.0013784722202648885, 1.0]], "votes_vs_comments": [[1.0, 0.7384331234653179], [0.7384331234653179, 1.0]]}