{"std_number_of_downvotes": 2872.815770092991, "avg_number_of_comments": 40.952881955466871, "std_number_of_comments": 149.38732995934069, "std_number_of_upvotes": 3261.9430595519902, "avg_number_of_downvotes": 868.05809260351009, "avg_number_of_upvotes": 1108.9797061357763}